sigma,RMSE circulo,RMSE cuadrado,RMSE fondo,RMSE Imagen total
1.0,0.04917546695530998,0.03834752390553025,0.019698028174563006,0.02655271451330712
1.01,0.048954107623064555,0.038209093912087995,0.019572804387886635,0.026422798554265808
1.02,0.048752248045001285,0.038085238362327196,0.019458363692658746,0.026304919746036878
1.03,0.0485582057852473,0.03796704765727181,0.019347448233980546,0.026191392923956957
1.04,0.04837175047543163,0.03785433310624417,0.019239950656420562,0.026082081791670906
1.05,0.04819266200837116,0.037746914534698445,0.019135768520095364,0.025976856190009584
1.06,0.04802072966048354,0.0376446196432273,0.01903480391712404,0.025875591618104772
1.07,0.04785575131549922,0.037547283437278256,0.018936963131690722,0.025778168808590903
1.08,0.04769753277663646,0.037454747718333854,0.01884215633806696,0.02568447334987775
1.09,0.04754588715595943,0.037366860628483836,0.018750297331626295,0.025594395349341943
1.1,0.04740063433103785,0.037283476241366124,0.01866130328849774,0.02550782913206203
1.11,0.047261600460278934,0.03720445419338628,0.018575094550056858,0.025424672970415955
1.12,0.04712861754941765,0.03712965934994995,0.01849159442894714,0.025344828840478326
1.13,0.04700152306264137,0.03705896150217073,0.018410729033763444,0.025268202201702533
1.14,0.0468801595726985,0.03699223509015325,0.018332427109919374,0.025194701796856428
1.15,0.04676437444511037,0.03692935894950909,0.018256619894563893,0.02512423946960489
1.16,0.04665401955228018,0.03687021607824785,0.018183240983714474,0.025056729997504232
1.17,0.04654895101387812,0.03681469342160512,0.018112226210039096,0.02499209093849709
1.18,0.046449028960396745,0.03676268167273185,0.018043513529948714,0.024930242489277013
1.19,0.04635411731720817,0.036714075087479724,0.01797704291886275,0.024871107354134753
1.2,0.04626408360683885,0.036668771311783276,0.017912756273681888,0.024814610623106158
1.21,0.04617879876750293,0.03662667122036541,0.0178505973216514,0.024760679658420534
1.22,0.046098136986213754,0.036587678765684195,0.017790511534925224,0.024709243988399927
1.23,0.04602197554503171,0.03655170083620061,0.017732446050249165,0.02466023520808879
1.24,0.045950194679206545,0.0365186471231818,0.017676349593273407,0.024613586886002268
1.25,0.045882677446141704,0.036488429995367645,0.017622172407082002,0.0245692344764725
1.26,0.04581930960425101,0.03646096438092194,0.01756986618459175,0.024527115237148563
1.27,0.04575997950089555,0.0364361676561672,0.017519384004527214,0.024487168151269008
1.28,0.045704577968689195,0.03641395954066544,0.017470680270723064,0.024449333854378072
1.29,0.04565299822954107,0.03639426199825934,0.0174237106545422,0.0244135545651996
1.3,0.04560513580587284,0.03637699914373051,0.017378432040227987,0.024379774020417567
1.31,0.04556088843850289,0.03636209715476555,0.01733480247303334,0.024347937413140557
1.32,0.04552015601073669,0.03634948418894831,0.017292781109989053,0.024317991334850308
1.33,0.04548284047823991,0.03633909030551875,0.01725232817318914,0.024289883720652702
1.34,0.04544576333789979,0.036326036372432126,0.017205459726762996,0.0242576057898889
1.35,0.04541513853789277,0.036319712959534935,0.017167416499351218,0.024232665910340016
1.36,0.045387704749387,0.03631542993312744,0.017130802964129426,0.024209414390937618
1.37,0.04536337762097085,0.03631312778439901,0.017095583820718626,0.0241878060626916
1.38,0.04534207479075948,0.03631274874181834,0.017061724762576176,0.024167797006696242
1.39,0.045323715824228596,0.03631423670689616,0.017029192442419367,0.024149344510515796
1.4,0.04530822215447329,0.03631753719238751,0.016997954438819508,0.024132407026139058
1.41,0.04529551702478289,0.036322597262842315,0.016967979223917674,0.024116944129440925
1.42,0.04528552543343501,0.03632936547742044,0.016939236132219013,0.024102916481095693
1.43,0.0452781740806229,0.036337791834894585,0.016911695330427676,0.024090285788892187
1.44,0.04527339131743905,0.0363478277207699,0.01688532778828825,0.02407901477140559
1.45,0.04527110709684413,0.036359425856453464,0.01686010525040362,0.024069067122984646
1.46,0.04527125292655763,0.036372540250411506,0.016836000209001497,0.02406040748001595
1.47,0.04527376182380946,0.0363871261512547,0.016812985877624833,0.024053001388429807
1.48,0.04527856827189633,0.03640314000269481,0.01679103616572309,0.02404681527241407
1.49,0.045285608178488555,0.036420539400318155,0.01677012565412301,0.024041816404304084
1.5,0.04529481883563642,0.036439283050123124,0.016750229571358764,0.024037972875618197
1.51,0.045306138881423944,0.03645933072877004,0.016731323770842695,0.024035253569209176
1.52,0.04531950826322213,0.03648064324549339,0.016713384708858164,0.024033628132502836
1.53,0.04533486820249149,0.03650318240562663,0.016696389423357102,0.024033066951795416
1.54,0.04535216116108558,0.036526910975691135,0.016680315513544857,0.024033541127581937
1.55,0.04537133080900778,0.03655179265000097,0.01666514112023536,0.024035022450887785
1.56,0.04539232199357073,0.03657779201873569,0.01665084490695996,0.02403748338057588
1.57,0.04541508070991215,0.03660487453743412,0.016637406041812772,0.024040897021602146
1.58,0.04543955407281587,0.03663300649786181,0.016624804180016023,0.02404523710419145
1.59,0.04546569028979116,0.036662155000205636,0.0166130194471881,0.024050477963906802
1.6,0.045493438635359235,0.036692287926549126,0.016602032423297445,0.024056594522583925
1.61,0.04552274942649922,0.0367233739155824,0.0165918241272848,0.02406356227010364
1.62,0.04555357399920331,0.03675538233850089,0.016582376002336363,0.02407135724697442
1.63,0.04558586468609256,0.03678828327604752,0.016573669901790173,0.02407995602769718
1.64,0.045619574795044346,0.03682204749665329,0.01656568807565763,0.024089335704884723
1.65,0.04565465858878274,0.03685664643563173,0.01655841315774223,0.024099473874108025
1.66,0.04569107126538305,0.036892052175383064,0.016551828153337163,0.0241103486194418
1.67,0.045740906048328936,0.03693250081599111,0.01654142982756871,0.024122069671821785
1.68,0.04578107439841173,0.036969998303101596,0.016536003993815888,0.0241345551090402
1.69,0.045822531158309164,0.0370082703040219,0.016531222400054262,0.024147739103524243
1.7,0.04586523875203459,0.03704729367960029,0.016527070264127253,0.0241616030807504
1.71,0.04590916044482638,0.037087045869247784,0.016523533151640405,0.024176128911391037
1.72,0.04595426032024754,0.037127504871504714,0.01652059696493856,0.024191298897284226
1.73,0.04600050325797405,0.03716864922530222,0.016518247932441533,0.02420709575787154
1.74,0.04604785491226216,0.03721045799190084,0.01651647259832999,0.024223502617092985
1.75,0.04609628169108332,0.037252910737488557,0.0165152578125737,0.024240502990728656
1.76,0.04614575073591801,0.03729598751642134,0.016514590721293847,0.024258080774176776
1.77,0.04619622990219537,0.037339668855088846,0.016514458757452288,0.02427622023065786
1.78,0.04624768774036925,0.03738393573638925,0.0165148496318596,0.024294905979834948
1.79,0.046300093477617515,0.037428769584796164,0.01651575132449496,0.024314122986839846
1.8,0.046353417000153836,0.03747415225200206,0.016517152076130096,0.024333856551695454
1.81,0.04640762883613808,0.03752006600312173,0.016519040380250347,0.024354092299124205
1.82,0.04646270013917316,0.037566493503440206,0.016521404975265472,0.024374816168732855
1.83,0.04651860267237567,0.03761341780568939,0.016524234837003025,0.024396014405563694
1.84,0.04657530879300533,0.037660822337837914,0.016527519171477326,0.024417673551002456
1.85,0.04663279143764036,0.037708690891378814,0.016531247407926872,0.024439780434033144
1.86,0.046691024107884505,0.03775700761009967,0.016535409192113177,0.02446232216282999
1.87,0.046749980856591114,0.03780575697932051,0.016539994379873968,0.024485286116676948
1.88,0.04680963627458913,0.037854923815583925,0.01654499303092406,0.024508659938204957
1.89,0.046869965477897284,0.03790449325678315,0.016550395402896524,0.02453243152593736
1.9,0.046930944095410515,0.037954450752713,0.01655619194561763,0.02455658902713396
1.91,0.04699254825704386,0.03800478205602952,0.016562373295608484,0.02458112083092412
1.92,0.04705475458231886,0.03805547321360375,0.016568930270806585,0.024606015561719454
1.93,0.047117540169376734,0.0381065105582555,0.01657585386550048,0.02463126207289672
1.94,0.047180882584403776,0.03815788070085318,0.016583135245470792,0.024656849440741584
1.95,0.04724475985145354,0.038209570522765926,0.016590765743330776,0.02468276695864404
1.96,0.047309150442650195,0.038261567168654316,0.016598736854059992,0.024709004131536323
1.97,0.047374033268759136,0.03831385803958634,0.0166070402307242,0.0247355506705643
1.98,0.047439387670109176,0.03836643078646548,0.01661566768037517,0.024762396487983472
1.99,0.04750519340785183,0.038419273303758,0.016624611160123835,0.024789531692270703
2.0,0.04757143065554375,0.038472373723506745,0.01663386277338028,0.024816946583443134
